Gameid,Player,Team,Game number,Game Version,TeamId,Lane,Poste,Champion,Kills,Deaths,Assists,KDA,ChampLevel,Win,item0,item1,item2,item3,item4,item5,item6,Gold Earn,TotalDmgDealtoChamp,TotalDmgTaken,TotalHeal,LongestTimeAlive,Ennemy_CC,CS Kill,Jungle Minions Kills,Minions Kill,visionScore,visionWardsBoughtInGame,wardsplaced,wardskilled,detectorWardsPlaced,timePlayed,Branch1,Branch2,perk0,perk1,perk2,perk3,perk4,perk5,defense,flex,offense,summoner1Id,summoner2Id,Ban 1 ally,Ban 2 ally,Ban 3 ally,Ban 4 ally,Ban 5 ally,Ban 1 ennemy,Ban 2 ennemy,Ban 3 ennemy,Ban 4 ennemy,Ban 5 ennemy,Nb Kill Team,First blood,Nb Drake Team,First Drake,Nb Herald Team,First Herald,Nb Baron Team,First Baron,Nb Inib Team,First Inib,Nb Tower Team,First Tower,Nb Kill oposing Team,Nb drake Oposing Team,Nb Herald Oposing team,Nb Baron oposing team,Nb Inib Oposing team,Nb Tower Oposing Team,skillshotsDodged,quickCleanse,soloKills,laneMinionsFirst10Minutes,goldPerMinute,gameLength
EUW1_7300997976,Yike,Karmine Corp,15.3.654.407,CLASSIC,100,NONE,JUNGLE,Lillia,11,1,4,15.0,12,True,2421,6653,0,3009,4633,3041,3364,10775,14203,20266,14362,823,18,20,121,141,19,2,2,4,1,18.216666666666665,8000,8300,8010,9111,9105,8017,8304,8347,5011,5008,5008,4,11,526,72,266,31,42,555,107,72,526,800,32,True,1,True,0,0,0,False,0,False,8,True,15,0,0,0,0,0,3,0,2,4,590.9844758841991,1093.984260545
EUW1_7298044981,Yike,Karmine Corp,15.3.654.407,CLASSIC,200,MIDDLE,JUNGLE,Vi,17,8,11,3.5,18,True,6610,3078,0,3173,3071,3082,3364,16716,30505,41570,15180,673,49,25,174,199,39,6,7,6,6,31.783333333333335,8000,8300,8010,9111,9104,8017,8304,8347,5011,5008,5005,4,11,89,429,7,42,81,72,800,429,117,555,40,True,3,True,1,1,1,True,1,True,9,True,34,2,0,0,0,4,94,0,3,2,525.6555046400454,1908.036413386
EUW1_7297325366,Yike,Karmine Corp,15.3.654.407,CLASSIC,100,JUNGLE,JUNGLE,Vi,6,6,12,3.0,17,True,3071,6610,0,1033,2502,3047,3364,13369,18078,48784,21123,534,34,16,189,205,41,4,6,9,4,33.68333333333333,8000,8300,8010,9111,9104,8017,8304,8347,5011,5008,5005,4,11,800,69,20,555,893,119,117,777,2,62,25,False,2,False,0,0,1,True,0,False,6,False,14,3,1,0,0,5,90,0,1,0,396.85129882276283,2021.309294261
EUW1_7297286162,Yike,Karmine Corp,15.3.654.407,CLASSIC,200,BOTTOM,BOTTOM,Ashe,0,11,4,0.36,13,False,1055,3124,3006,3153,1036,1042,3363,8613,14253,27608,4189,378,37,176,0,176,15,1,6,1,1,28.883333333333333,8000,8300,8008,8009,9104,8017,8304,8410,5011,5008,5005,4,21,20,2,555,107,777,350,800,107,30,119,17,False,1,False,0,0,0,False,0,False,3,True,40,2,1,1,1,9,131,0,0,52,298.20274263351916,1733.17912829
EUW1_7297237257,Yike,Karmine Corp,15.3.654.407,CLASSIC,200,JUNGLE,JUNGLE,Olaf,8,2,9,8.5,15,True,6631,6610,0,3047,3065,0,3364,11982,17002,32060,23097,1132,17,29,167,196,40,4,6,8,4,25.3,8000,8300,8010,9111,9104,8299,8410,8304,5001,5008,5005,4,11,58,119,799,126,42,78,427,555,17,107,27,True,4,True,0,0,0,False,0,False,5,False,15,0,1,0,0,3,77,0,0,2,473.326001279148,1518.916010241
EUW1_7296253838,Yike,Karmine Corp,15.3.654.407,CLASSIC,200,JUNGLE,JUNGLE,Qiyana,3,10,7,1.0,13,False,6698,3142,3133,2422,1036,1036,3364,8658,11801,31297,10109,590,18,11,142,153,20,3,5,4,3,27.05,8100,8300,8112,8143,8137,8106,8304,8347,5011,5008,5008,4,11,24,555,800,72,526,-1,126,53,107,-1,21,True,2,True,0,0,0,False,0,False,0,False,38,2,1,1,2,11,14,0,0,0,319.90255872926656,1624.0370672400002
EUW1_7296090089,Yike,Karmine Corp,15.3.654.407,CLASSIC,100,JUNGLE,JUNGLE,Amumu,4,10,7,1.1,14,False,2502,3111,1057,6653,3067,0,3364,10069,17008,40262,14007,599,30,19,128,147,25,6,8,3,6,28.466666666666665,8000,8100,8010,9111,9105,8017,8106,8126,5011,5008,5005,4,11,119,799,80,110,166,-1,72,777,107,30,20,False,1,True,0,0,0,False,0,False,2,True,40,3,1,1,2,10,31,0,1,2,353.61780731277236,1708.624195138
EUW1_7296027788,Yike,Karmine Corp,15.3.654.407,CLASSIC,200,MIDDLE,JUNGLE,Lillia,11,9,11,2.44,17,False,3157,6653,3089,3170,0,4633,3364,16000,32098,53064,28490,285,33,36,191,227,42,6,8,5,6,33.05,8000,8300,8010,9111,9105,8017,8304,8347,5011,5008,5008,4,11,110,24,800,897,72,76,111,80,81,72,31,False,2,True,0,0,1,True,1,True,6,True,38,2,1,0,1,9,34,0,1,4,483.9570209452622,1983.7681728040002
EUW1_7295976703,Yike,Karmine Corp,15.3.654.407,CLASSIC,200,MIDDLE,JUNGLE,Zac,5,0,14,19,16,True,2502,3068,0,3067,3171,3065,3364,11303,16056,29432,59242,0,43,27,158,185,34,5,7,7,5,26.55,8400,8300,8439,8463,8429,8453,8304,8347,5001,5001,5007,4,11,119,72,893,-1,80,110,166,56,800,40,27,False,2,False,0,0,1,True,0,False,4,True,21,1,1,0,0,4,11,0,1,6,425.5952280279356,1593.5526841110002
EUW1_7295922941,Yike,Karmine Corp,15.3.654.407,CLASSIC,200,JUNGLE,JUNGLE,LeeSin,3,7,8,1.57,13,False,3071,6610,0,1037,3111,1028,3340,10122,14454,35201,16402,411,21,5,158,163,35,7,15,1,7,23.716666666666665,8000,8300,8010,9111,9104,8014,8304,8347,5011,5008,5005,4,11,799,-1,72,40,166,110,72,555,777,80,15,True,1,True,0,0,0,False,0,False,4,True,29,2,1,0,0,2,13,0,0,0,426.5559510265971,1423.87941563
EUW1_7295862114,Yike,Karmine Corp,15.3.654.407,CLASSIC,200,BOTTOM,JUNGLE,MonkeyKing,5,10,8,1.3,15,False,6610,3078,2055,3111,3071,0,3364,11493,21282,44266,14418,507,28,53,139,192,33,3,3,9,2,30.933333333333334,8000,8300,8010,9111,9104,8299,8304,8347,5011,5008,5005,4,11,13,119,55,40,72,27,54,7,-1,72,29,True,2,True,0,0,0,False,0,False,3,False,45,1,1,1,1,10,33,0,0,1,371.4376254716572,1856.588690108
EUW1_7295799196,Yike,Karmine Corp,15.3.654.407,CLASSIC,100,JUNGLE,JUNGLE,Viego,20,11,21,3.73,18,True,3091,6672,1053,6610,6333,3173,3364,17740,43525,53916,24735,297,35,54,149,203,47,14,7,8,5,35.05,8000,8300,8010,9111,9104,8014,8304,8347,5011,5008,5005,4,11,80,429,-1,-1,72,107,-1,72,42,800,64,True,1,False,1,1,1,True,1,True,9,True,43,2,0,0,0,3,135,0,3,11,506.01881544963436,2103.5427815400003
EUW1_7295215763,Yike,Karmine Corp,15.2.652.1536,CLASSIC,100,NONE,JUNGLE,Lillia,11,0,6,17,12,True,2421,6653,0,0,1058,3009,3364,9128,14704,20784,14911,0,15,23,120,143,14,2,4,1,2,15.266666666666667,8000,8300,8010,9111,9105,8017,8347,8304,5011,5008,5008,4,11,800,42,126,555,72,27,799,800,-1,42,26,True,1,True,0,0,0,False,0,False,3,True,10,0,0,0,0,0,6,0,5,16,597.4927178053847,916.715343744
EUW1_7295208078,Yike,Karmine Corp,15.2.652.1536,CLASSIC,100,NONE,JUNGLE,MonkeyKing,4,0,4,8,9,True,1102,3078,0,2021,2422,0,3364,6501,7435,12222,6810,0,9,4,96,100,12,3,5,1,3,15.183333333333334,8000,8300,8010,9111,9104,8299,8347,8304,5011,5008,5005,4,11,234,555,21,126,-1,91,126,-1,42,26,14,False,1,True,0,0,0,False,0,False,2,True,7,0,0,0,0,0,4,0,0,1,427.98447935913214,911.403797333
EUW1_7295199985,Yike,Karmine Corp,15.2.652.1536,CLASSIC,200,MIDDLE,JUNGLE,LeeSin,11,5,6,3.4,13,True,6692,3173,0,6610,1037,3067,3340,10329,19684,26507,14835,366,22,19,137,156,16,3,11,1,3,21.816666666666666,8000,8300,8010,9111,9104,8014,8347,8304,5011,5008,5005,4,11,-1,-1,555,72,68,68,799,42,234,119,32,True,2,True,1,1,0,False,1,True,7,True,16,1,0,0,0,2,60,0,2,12,473.3166094464511,1309.401058746
EUW1_7295186626,Yike,Karmine Corp,15.2.652.1536,CLASSIC,100,JUNGLE,JUNGLE,Mordekaiser,4,7,3,1.0,14,False,3009,6653,3116,2502,2055,0,3364,10421,24132,38081,16551,816,15,29,143,172,34,4,6,8,3,28.3,8000,8400,8010,9111,9105,8017,8453,8401,5011,5008,5005,4,11,111,42,234,24,103,526,51,62,800,92,16,True,1,True,0,0,0,False,0,False,5,False,33,3,1,1,1,9,21,0,0,0,368.1544319504217,1698.521247421
EUW1_7294068695,Yike,Karmine Corp,15.2.652.1536,CLASSIC,100,MIDDLE,BOTTOM,Draven,10,11,1,1.0,14,False,1055,3072,3031,6676,3006,6670,3363,13499,33108,30939,6259,309,14,196,0,196,13,2,8,0,1,28.266666666666666,8000,8200,8005,8009,9104,8017,8233,8236,5011,5008,5005,4,1,3,107,42,81,58,7,35,80,126,526,23,True,0,False,0,0,0,False,0,False,2,False,45,2,1,0,1,10,7,2,1,73,477.3081014075122,1696.973131294
EUW1_7294050280,Yike,Karmine Corp,15.2.652.1536,CLASSIC,200,MIDDLE,JUNGLE,Lillia,10,7,12,3.14,17,True,2421,6653,0,3158,0,4633,3364,13590,25878,46619,28302,422,41,43,168,211,31,4,4,9,3,28.583333333333332,8000,8300,8010,9111,9105,8017,8304,8347,5011,5008,5008,4,11,800,10,-1,126,72,7,72,40,-1,112,39,False,2,True,0,0,1,True,2,True,9,False,36,2,1,0,0,6,23,0,1,6,475.3783592240571,1715.322852753
EUW1_7294026323,Yike,Karmine Corp,15.2.652.1536,CLASSIC,100,BOTTOM,BOTTOM,Caitlyn,10,10,16,2.6,16,False,1055,6676,1053,3006,3036,3031,3363,13275,32254,30886,6345,303,25,202,0,202,19,1,9,4,1,33.38333333333333,8000,8200,8021,8009,9103,8017,8233,8236,5001,5008,5005,4,1,7,800,62,72,555,799,-1,42,897,800,38,True,1,False,0,0,1,True,0,False,2,False,46,3,1,0,3,13,27,3,0,54,397.5676962315516,2003.5697490650002
EUW1_7294007366,Yike,Karmine Corp,15.2.652.1536,CLASSIC,200,JUNGLE,JUNGLE,Zyra,5,5,13,3.6,16,True,2421,6653,2055,1058,3020,3116,3364,11868,17055,16512,4638,335,26,40,188,228,12,2,2,1,1,22.783333333333335,8200,8000,8229,8224,8233,8232,9105,8017,5011,5010,5008,4,11,72,234,800,799,112,91,30,799,24,800,29,False,1,False,1,1,0,False,1,True,9,True,25,2,0,0,0,4,11,0,0,9,520.7991007365868,1367.3780855930002
EUW1_7293971171,Yike,Karmine Corp,15.2.652.1536,CLASSIC,100,JUNGLE,JUNGLE,Belveth,6,15,22,1.87,18,True,6631,6672,3302,3091,3173,0,3364,15005,30254,61149,24254,253,40,48,191,239,36,4,7,7,4,37.65,8000,8300,8010,9111,9104,8014,8304,8347,5011,5008,5008,4,11,92,800,117,234,112,72,799,40,91,893,54,True,5,True,1,1,0,False,1,True,8,True,50,1,0,2,0,4,42,0,0,8,398.4413080789911,2259.592815635
EUW1_7293921024,Yike,Karmine Corp,15.2.652.1536,CLASSIC,200,MIDDLE,JUNGLE,MonkeyKing,14,7,5,2.71,18,False,3111,3078,1038,6610,6333,3071,3364,17586,34641,59707,23667,597,29,60,194,254,53,5,7,11,5,35.833333333333336,8000,8300,8010,9111,9104,8299,8304,8347,5011,5008,5005,4,11,42,234,800,-1,54,78,126,-1,800,893,33,False,3,True,1,1,1,True,0,False,3,False,50,3,0,0,1,11,19,0,0,2,490.61076276469845,2150.712967937
EUW1_7293782063,Yike,Karmine Corp,15.2.652.1536,CLASSIC,100,JUNGLE,JUNGLE,MonkeyKing,16,6,8,4.0,16,True,6610,3078,3133,3071,3173,2019,3364,16879,40192,42815,18016,371,15,55,159,214,57,5,7,14,5,30.35,8000,8300,8010,9111,9104,8299,8304,8347,5011,5008,5005,4,11,107,72,122,555,234,234,72,30,114,893,35,True,4,True,1,1,1,True,1,True,9,True,29,1,0,0,0,2,20,0,1,2,555.9337357114458,1821.708372004
EUW1_7293347712,Yike,Karmine Corp,15.2.652.1536,CLASSIC,100,JUNGLE,JUNGLE,Belveth,8,9,6,1.56,13,False,6631,6672,0,1057,3111,1043,3513,10182,14068,32704,13403,299,22,7,136,143,19,1,3,3,1,23.166666666666668,8000,8300,8010,9111,9104,8014,8304,8347,5011,5008,5008,4,11,60,517,62,72,30,78,107,110,72,134,25,True,2,True,1,1,0,False,0,False,3,True,36,0,0,0,1,8,9,0,1,3,439.38484525840494,1390.4307039270002
EUW1_7293294165,Yike,Karmine Corp,15.2.652.1536,CLASSIC,200,MIDDLE,JUNGLE,Nidalee,9,3,24,11.0,17,True,3157,6653,0,1058,3020,1058,3364,13180,29114,40003,33030,584,9,24,181,205,40,5,7,8,5,28.133333333333333,8000,8200,8010,9111,9105,8017,8210,8232,5011,5008,5005,4,11,60,112,800,119,72,60,555,35,122,72,41,False,3,True,0,0,1,True,1,True,7,False,27,1,1,0,0,3,28,0,1,1,468.40105245863685,1688.4105139550002
EUW1_7293256714,Yike,Karmine Corp,15.2.652.1536,CLASSIC,200,JUNGLE,JUNGLE,Nidalee,1,7,2,0.43,12,False,3157,6653,0,3020,0,0,3364,8491,14294,30152,18859,418,7,21,134,155,30,5,7,7,5,26.35,8000,8200,8010,9111,9105,8017,8210,8232,5011,5008,5005,4,11,126,800,200,39,72,893,72,-1,555,-1,5,False,0,False,0,0,0,False,0,False,0,False,34,2,1,1,1,9,9,0,0,1,322.1340273897038,1581.5672897190002
EUW1_7293204298,Yike,Karmine Corp,15.2.652.1536,CLASSIC,200,MIDDLE,JUNGLE,Nidalee,1,7,7,1.14,14,False,3157,6653,0,0,3020,0,3364,8735,22403,32280,20182,491,17,19,154,173,26,3,5,6,3,26.133333333333333,8000,8200,8010,9111,9105,8017,8210,8232,5011,5008,5005,4,11,40,-1,119,7,117,119,62,555,-1,72,21,True,1,True,1,1,0,False,0,False,3,False,37,2,0,0,1,8,6,0,0,4,334.08376346209553,1568.812093728
EUW1_7292868474,Yike,Karmine Corp,15.2.652.1536,CLASSIC,100,JUNGLE,JUNGLE,Lillia,11,3,9,6.67,18,True,3157,6653,3165,4633,3009,1058,3364,17436,35194,52725,36798,878,37,89,213,302,36,4,6,9,4,31.733333333333334,8000,8300,8010,9111,9105,8017,8304,8347,5011,5008,5008,4,11,119,69,42,143,126,72,234,84,126,555,37,False,2,False,1,1,1,True,3,True,13,False,31,3,0,0,0,3,15,0,0,12,549.3612411054287,1904.406483555
EUW1_7292850463,Yike,Karmine Corp,15.2.652.1536,CLASSIC,100,NONE,JUNGLE,Vi,6,7,4,1.43,9,False,1102,3071,1028,2021,3133,2422,3364,6580,10868,19458,5266,263,23,6,74,80,16,3,4,2,3,16.566666666666666,8000,8300,8010,9111,9104,8017,8304,8347,5011,5008,5005,4,11,143,91,800,799,107,91,72,799,69,555,13,False,1,True,0,0,0,False,0,False,1,False,30,1,0,0,0,5,12,0,2,0,397.09012633834226,994.3476028360001
EUW1_7292807153,Yike,Karmine Corp,15.2.652.1536,CLASSIC,100,JUNGLE,JUNGLE,Maokai,8,6,12,3.33,17,True,8010,6653,0,3171,1058,3145,3364,13697,30713,49468,28403,571,73,32,205,237,46,4,6,12,4,29.85,8200,8000,8230,8224,8210,8232,9105,8017,5011,5008,5007,4,11,800,72,234,60,91,799,555,107,8,72,29,False,4,True,1,1,1,True,0,False,5,True,29,0,0,0,0,3,12,0,1,3,458.84181366419534,1791.1745120950002
EUW1_7292759269,Yike,Karmine Corp,15.2.652.1536,CLASSIC,200,MIDDLE,JUNGLE,MonkeyKing,7,3,2,3.0,13,True,6610,3078,0,3111,0,0,3364,9598,13889,26861,13803,469,13,22,137,159,28,4,6,7,4,22.283333333333335,8000,8300,8010,9111,9104,8017,8304,8347,5011,5008,5005,4,11,112,-1,81,234,42,72,799,119,76,555,12,True,3,True,0,0,0,False,0,False,2,True,13,0,1,0,0,5,4,0,0,3,430.56335406194137,1337.6291237930002
EUW1_7292709276,Yike,Karmine Corp,15.2.652.1536,CLASSIC,100,JUNGLE,JUNGLE,MonkeyKing,9,2,10,9.5,17,True,6610,3078,2055,3071,3173,3155,3364,14633,17805,41729,21599,1004,10,58,168,226,29,3,3,7,2,29.116666666666667,8000,8300,8010,9111,9104,8299,8304,8347,5011,5008,5005,4,11,555,234,119,77,893,799,-1,234,200,28,41,True,4,True,0,0,1,True,4,True,12,True,11,1,1,0,0,1,8,0,0,3,502.31452678169967,1747.968404379
EUW1_7292663213,Yike,Karmine Corp,15.2.652.1536,CLASSIC,100,BOTTOM,BOTTOM,Varus,5,3,3,2.67,12,False,1055,3153,3006,3124,3051,1043,3363,9993,18319,14001,3378,897,25,196,4,200,15,1,8,4,1,23.2,8000,8300,8008,8009,9104,8017,8304,8345,5011,5008,5005,4,1,59,42,62,72,799,-1,143,72,234,114,11,False,1,True,0,0,0,False,0,False,2,False,27,2,1,0,0,3,8,1,1,73,430.7064657758439,1392.2031954840002
EUW1_7292597390,Yike,Karmine Corp,15.2.652.1536,CLASSIC,100,JUNGLE,JUNGLE,MonkeyKing,17,4,12,7.25,16,True,3173,3078,3071,6610,2019,0,3364,14823,36250,42817,20848,531,28,20,174,194,30,5,6,7,4,26.483333333333334,8000,8300,8010,9111,9104,8299,8304,8347,5011,5008,5005,4,11,42,555,126,234,72,30,39,40,119,142,33,True,4,True,1,1,0,False,1,True,8,True,19,0,0,0,0,2,7,0,1,3,559.6399449530511,1589.2355353130001
EUW1_7292550678,Yike,Karmine Corp,15.2.652.1536,CLASSIC,200,NONE,BOTTOM,Ezreal,2,6,2,0.67,10,False,1055,3070,3078,2422,3133,1036,3363,5786,10897,10612,786,226,0,112,0,112,6,1,6,0,1,16.133333333333333,8000,8300,8005,8009,9105,8017,8304,8316,5011,5008,5005,4,21,77,-1,78,893,86,-1,800,72,266,69,8,True,0,False,0,0,0,False,0,False,0,False,30,1,0,0,0,4,15,0,0,65,358.29318195113706,969.005752234
EUW1_7292115268,Yike,Karmine Corp,15.2.652.1536,CLASSIC,200,BOTTOM,BOTTOM,Ezreal,4,8,15,2.38,16,True,3161,3078,3035,3158,3042,1036,3363,12616,28735,26836,2576,326,8,208,11,219,13,0,5,3,0,30.616666666666667,8000,8300,8005,8009,9105,8017,8304,8316,5011,5008,5005,4,21,62,72,42,555,126,107,800,111,119,893,34,False,4,True,0,0,1,True,2,True,9,False,27,0,1,0,0,4,18,0,0,71,412.01819418242115,1837.3035248380002
EUW1_7291993800,Yike,Karmine Corp,15.2.652.1536,CLASSIC,100,JUNGLE,JUNGLE,Vi,4,12,8,1.0,12,False,2502,3071,2055,3173,0,0,3364,8805,9648,36046,7529,336,23,10,114,124,21,5,4,3,4,25.566666666666666,8000,8300,8010,9111,9104,8014,8304,8347,5011,5008,5005,4,11,234,17,42,72,893,7,42,72,69,800,19,False,2,True,0,0,0,False,0,False,3,True,39,1,1,0,2,9,76,0,1,6,344.2804486331667,1534.5749162420002
EUW1_7291930470,Yike,Karmine Corp,15.2.652.1536,CLASSIC,100,JUNGLE,JUNGLE,Zyra,6,6,18,4.0,17,True,3157,6653,2055,3116,3175,0,3364,13067,32143,20943,6241,335,55,24,171,195,37,4,5,9,3,27.483333333333334,8200,8000,8229,8224,8233,8232,9105,8017,5011,5010,5008,4,11,72,-1,-1,69,234,72,800,62,58,897,30,False,2,False,1,1,1,True,1,True,8,True,32,1,0,0,0,4,15,0,2,4,475.3896872982264,1649.3178383030001
EUW1_7290865061,Yike,Karmine Corp,15.2.652.1536,CLASSIC,100,NONE,JUNGLE,Vi,2,3,5,2.33,11,True,0,3071,0,3105,1011,2422,3364,6877,9264,17246,8681,513,13,14,110,124,15,3,4,1,3,17.483333333333334,8000,8300,8010,9111,9104,8017,8304,8347,5011,5008,5005,4,11,234,107,69,555,42,62,126,800,119,166,16,False,2,True,1,1,0,False,0,False,3,True,12,1,0,0,0,1,7,0,0,1,393.2877357935356,1049.230908777
EUW1_7290755350,Yike,Karmine Corp,15.2.652.1536,CLASSIC,100,BOTTOM,BOTTOM,Ezreal,7,4,9,4.0,17,True,1055,3042,6694,3158,3078,3161,3363,16219,40509,26204,5819,959,6,274,15,289,24,4,14,5,4,36.03333333333333,8000,8300,8005,8009,9105,8017,8304,8316,5011,5008,5005,4,1,876,68,72,42,-1,126,119,72,555,800,23,True,2,False,1,1,1,False,2,True,11,True,20,3,0,1,0,3,21,1,1,64,450.05656661180666,2162.3516221560003
EUW1_7290720705,Yike,Karmine Corp,15.2.652.1536,CLASSIC,100,NONE,JUNGLE,Zyra,5,1,11,16.0,13,True,3175,6653,2055,3116,1052,0,3513,9299,17011,13616,8639,202,37,11,142,153,14,2,4,1,1,19.816666666666666,8200,8000,8229,8224,8233,8232,9105,8017,5011,5010,5008,4,11,72,26,126,800,112,555,119,68,-1,134,22,True,1,False,1,1,0,False,0,False,3,True,12,2,0,0,0,0,29,0,0,4,469.1293090499177,1189.4089140610001
EUW1_7290190066,Yike,Karmine Corp,15.2.652.1536,CLASSIC,200,JUNGLE,JUNGLE,Hecarim,15,6,13,4.67,17,True,3161,6692,2055,3171,3065,6333,3364,15926,34421,43824,22897,393,26,74,198,272,26,4,4,3,3,29.833333333333332,8200,8000,8230,8275,8234,8232,9105,8017,5011,5008,5008,6,11,-1,429,126,42,234,166,72,800,555,897,41,True,4,True,0,0,1,True,1,True,7,True,23,0,0,0,0,1,24,0,0,7,533.7680806510297,1790.2402928150002
EUW1_7290165112,Yike,Karmine Corp,15.2.652.1536,CLASSIC,100,JUNGLE,JUNGLE,Viego,12,4,13,6.25,17,False,3078,3173,1033,1028,3153,6610,3364,15153,32318,46463,25428,987,29,46,175,221,37,8,4,9,2,29.55,8000,8300,8010,9111,9104,8014,8304,8347,5011,5008,5005,4,11,163,800,134,12,42,42,555,800,166,107,33,True,3,True,1,1,0,False,0,False,4,True,19,0,0,1,1,10,39,0,1,2,512.6366187446142,1773.6294464690002
EUW1_7290150718,Yike,Karmine Corp,15.2.652.1536,CLASSIC,100,NONE,JUNGLE,Khazix,3,6,1,0.67,9,False,3142,1101,3134,3133,2422,0,3364,5769,6290,17325,7328,261,4,4,80,84,9,2,3,0,2,15.766666666666667,8300,8100,8369,8304,8313,8347,8143,8135,5011,5008,5008,4,11,555,91,72,799,163,119,234,-1,163,24,11,False,0,False,0,0,0,False,0,False,0,False,29,2,0,0,0,4,4,0,1,0,365.83183837594436,946.3329175350001
EUW1_7290115076,Yike,Karmine Corp,15.2.652.1536,CLASSIC,100,NONE,BOTTOM,Varus,0,6,7,1.17,11,False,3142,1055,2422,3004,0,0,3363,6326,13001,14193,1382,497,18,138,0,138,11,1,6,2,1,19.85,8200,8300,8229,8226,8210,8237,8304,8345,5011,5008,5005,4,21,-1,40,429,81,800,-1,112,166,26,119,23,False,1,False,1,1,0,False,0,False,1,False,22,1,0,0,0,4,39,0,0,54,318.41379755707777,1192.070943061
EUW1_7290075145,Yike,Karmine Corp,15.2.652.1536,CLASSIC,100,BOTTOM,BOTTOM,Ashe,8,10,5,1.3,12,False,3031,6672,2055,3046,1018,3006,3363,11700,18288,20906,1287,328,40,156,3,159,20,2,8,2,1,24.45,8000,8300,8008,8009,9104,8017,8304,8410,5011,5008,5005,4,1,166,420,40,42,72,119,555,24,72,26,20,True,1,False,1,1,0,False,0,False,3,True,42,2,0,0,2,10,18,3,1,77,478.27882696202556,1467.7642963970002
EUW1_7290007513,Yike,Karmine Corp,15.2.652.1536,CLASSIC,100,JUNGLE,JUNGLE,RekSai,6,10,8,1.4,17,False,3748,3071,3067,3053,3111,3211,3364,14426,19487,68454,32143,333,35,54,175,229,48,7,9,12,7,36.516666666666666,8000,8300,8010,9111,9104,8014,8304,8347,5011,5008,5008,4,11,234,72,131,119,555,60,39,54,42,119,29,False,1,False,0,0,1,True,5,False,9,False,35,4,1,1,2,10,27,0,0,0,395.01858029209103,2191.232716392
EUW1_7289947640,Yike,Karmine Corp,15.2.652.1536,CLASSIC,100,NONE,JUNGLE,Sylas,12,1,5,17.0,10,True,3152,2420,0,3100,1101,2422,3364,8963,12815,21808,13360,590,16,3,102,105,12,2,4,2,2,15.8,8000,8300,8010,9111,9105,8299,8304,8347,5011,5008,5008,4,11,555,72,42,91,799,119,234,72,893,58,20,False,1,True,0,0,0,False,0,False,1,True,8,0,0,0,0,0,9,0,2,2,566.8421403063104,948.8180232540001
EUW1_7289813449,Yike,Karmine Corp,15.2.652.1536,CLASSIC,100,JUNGLE,JUNGLE,RekSai,11,5,12,4.6,17,True,3748,3053,0,3174,3071,3065,3364,15801,30772,54808,33745,918,42,25,170,195,41,4,6,11,4,31.333333333333332,8000,8300,8010,9111,9104,8014,8304,8347,5011,5008,5008,4,11,-1,78,107,40,234,84,119,126,13,800,37,True,3,False,1,1,0,False,1,True,9,True,33,1,0,1,1,7,106,0,1,6,504.1527514587921,1880.536820947
EUW1_7289756923,Yike,Karmine Corp,15.2.652.1536,CLASSIC,100,JUNGLE,JUNGLE,Nidalee,12,2,7,9.5,17,True,3157,3020,2055,3100,4645,1058,3364,14499,22085,34866,29979,582,7,32,190,222,43,4,5,13,3,27.416666666666668,8100,8200,8112,8143,8137,8135,8210,8232,5011,5008,5005,4,11,112,51,897,234,800,126,143,157,30,84,39,True,3,False,0,0,1,True,0,False,7,True,18,1,1,0,0,3,48,0,3,3,528.7642149769902,1645.233805689
EUW1_7289692340,Yike,Karmine Corp,15.2.652.1536,CLASSIC,100,JUNGLE,JUNGLE,Vi,2,8,6,1.0,14,False,2502,3071,3024,3173,3082,2055,3364,10598,15307,35952,11132,667,38,20,181,201,47,7,8,9,6,30.033333333333335,8000,8300,8010,9111,9104,8014,8304,8347,5011,5008,5005,4,11,78,42,7,112,30,555,800,799,35,126,16,True,4,True,0,0,0,False,0,False,4,True,28,0,1,1,1,7,61,0,0,0,352.48765573050633,1804.0994148280001
EUW1_7289642895,Yike,Karmine Corp,15.2.652.1536,CLASSIC,100,JUNGLE,JUNGLE,Vi,13,3,12,8.33,17,True,3110,3071,1038,3047,2019,2502,3364,14920,18835,30548,15657,397,36,28,165,193,38,4,5,7,4,27.683333333333334,8000,8300,8010,9111,9104,8014,8304,8347,5011,5008,5005,4,11,42,555,777,143,72,30,62,166,72,110,33,False,4,True,1,1,1,True,1,True,9,False,21,0,0,0,0,3,18,0,0,0,538.7719977323575,1661.6103376970002
EUW1_7289586313,Yike,Karmine Corp,15.2.652.1536,CLASSIC,200,BOTTOM,BOTTOM,Kalista,4,6,3,1.17,12,False,1055,3006,3124,1057,3153,1042,3363,9381,12514,24416,5221,413,10,150,0,150,16,2,8,0,2,22.866666666666667,8000,8100,8005,9111,9104,8017,8143,8135,5011,5008,5005,4,1,200,107,800,42,887,107,799,81,40,72,12,False,2,True,0,0,0,False,0,False,0,False,23,1,0,0,4,12,60,2,0,61,410.22344858096795,1372.210896
EUW1_7289502822,Yike,Karmine Corp,15.2.652.1536,CLASSIC,100,NONE,JUNGLE,Kindred,15,3,4,6.33,13,True,3009,6672,0,1038,6676,0,3364,11036,21146,16766,9851,390,12,27,110,137,29,5,7,6,5,19.1,8000,8300,8005,9111,9104,8017,8304,8347,5011,5008,5005,4,11,234,62,107,39,119,432,122,72,42,39,31,True,0,False,1,1,0,False,0,False,6,True,9,2,0,0,0,1,1,0,3,3,577.5108616264478,1146.67577503
EUW1_7289433870,Yike,Karmine Corp,15.2.652.1536,CLASSIC,200,JUNGLE,JUNGLE,Sejuani,5,4,10,3.75,15,True,2502,3084,0,3111,3082,1028,3364,10494,15277,39148,14851,492,26,18,145,163,37,7,8,6,7,27.866666666666667,8400,8100,8439,8463,8429,8451,8143,8106,5011,5008,5005,4,11,800,-1,234,72,119,-1,555,800,114,12,28,True,3,True,0,0,0,False,1,True,10,False,21,0,1,1,0,3,79,0,0,4,376.53611422973876,1672.2690951420002
EUW1_7289398089,Yike,Karmine Corp,15.2.652.1536,CLASSIC,200,NONE,JUNGLE,Taliyah,4,5,1,1.0,10,False,0,2503,0,3147,3020,2508,3364,7068,8345,14087,5280,237,17,15,112,127,16,3,5,2,3,17.116666666666667,8300,8000,8369,8304,8313,8347,9105,8017,5011,5008,5008,4,11,526,72,777,234,54,166,800,78,72,268,8,False,1,False,0,0,0,False,0,False,0,False,16,1,1,0,0,3,12,0,0,1,412.6751550445005,1027.714110951
EUW1_7289350368,Yike,Karmine Corp,15.2.652.1536,CLASSIC,100,JUNGLE,JUNGLE,LeeSin,7,8,5,1.5,13,False,3071,6610,2021,1037,3111,1028,3340,11057,22839,37373,16183,305,25,16,140,156,27,7,16,3,7,25.866666666666667,8000,8300,8010,9111,9104,8014,8304,8347,5011,5008,5005,4,11,799,72,234,800,555,555,26,-1,166,72,17,True,0,False,1,1,0,False,0,False,3,False,36,3,0,0,0,6,8,0,0,3,427.38454956409146,1552.36289811
EUW1_7289302513,Yike,Karmine Corp,15.2.652.1536,CLASSIC,100,JUNGLE,JUNGLE,Zyra,7,5,15,4.4,18,False,3157,6653,4630,3175,3116,3089,3363,17265,43208,32370,11787,846,50,64,243,307,73,6,9,16,6,38.61666666666667,8200,8000,8229,8224,8233,8232,9105,8017,5011,5010,5008,4,11,234,800,80,72,81,42,107,555,72,-1,34,False,1,False,1,1,2,True,1,True,8,True,36,4,0,0,1,9,55,0,1,3,447.01008082685297,2317.468971329
EUW1_7289253484,Yike,Karmine Corp,15.2.652.1536,CLASSIC,200,BOTTOM,BOTTOM,Varus,8,8,7,1.88,16,False,3142,3042,3814,3009,6694,3134,3363,14980,37781,24498,1990,508,31,270,8,278,33,2,10,8,2,36.53333333333333,8200,8300,8229,8226,8210,8237,8304,8345,5011,5008,5005,4,21,42,126,555,72,62,30,526,126,72,21,28,True,1,False,1,1,0,False,0,False,3,False,35,3,0,1,1,8,9,0,0,53,409.9356301672165,2192.627968831
EUW1_7289224600,Yike,Karmine Corp,15.2.652.1536,CLASSIC,200,NONE,JUNGLE,Karthus,1,5,2,0.6,11,False,1058,2503,1052,2055,1001,0,3364,5919,9757,19629,10042,262,11,6,126,132,12,3,4,0,2,16.066666666666666,8100,8200,8128,8126,8137,8106,8233,8224,5011,5008,5008,4,11,43,72,20,800,126,800,126,429,110,555,5,False,1,True,0,0,0,False,0,False,0,False,22,1,0,0,0,3,40,0,0,4,368.0846372906296,964.922383295
EUW1_7288862803,Yike,Karmine Corp,15.2.652.1536,CLASSIC,100,JUNGLE,JUNGLE,Lillia,18,7,18,5.14,18,True,3157,6653,4633,3173,3165,3116,3364,21004,59889,74803,44357,448,66,90,197,287,34,4,5,4,3,40.53333333333333,8000,8300,8010,9111,9105,8017,8304,8347,5011,5008,5008,4,11,234,-1,72,-1,114,526,800,234,24,28,57,True,2,False,1,1,1,False,1,False,9,True,48,3,0,2,1,7,47,0,1,4,518.0438335160953,2432.735591738
EUW1_7288814665,Yike,Karmine Corp,15.2.652.1536,CLASSIC,100,BOTTOM,BOTTOM,Ezreal,17,10,15,3.2,17,False,3072,3078,6694,3042,3158,3161,3363,18155,52268,38572,6292,930,7,199,32,231,22,1,11,5,1,34.35,8000,8300,8005,8009,9105,8017,8304,8316,5011,5008,5005,4,21,42,117,555,-1,72,420,107,72,555,800,48,False,1,False,1,1,1,False,0,False,7,False,51,4,0,1,1,9,46,0,1,51,527.2269016312713,2066.139368917
EUW1_7288777067,Yike,Karmine Corp,15.2.652.1536,CLASSIC,100,NONE,JUNGLE,MonkeyKing,5,1,3,8.0,11,True,0,3078,0,1036,1036,2422,3364,7062,7960,13074,7962,79,8,18,111,129,19,2,3,5,2,15.216666666666667,8000,8300,8010,9111,9104,8014,8304,8347,5011,5008,5005,4,11,800,234,117,266,-1,893,42,72,555,122,22,False,2,True,0,0,0,False,0,False,3,True,6,0,0,0,0,0,2,0,1,2,463.7410838785215,913.7858679330001
EUW1_7288719184,Yike,Karmine Corp,15.2.652.1536,CLASSIC,200,MIDDLE,JUNGLE,Nidalee,9,8,4,1.62,15,False,3157,6653,2055,3020,1052,4645,3364,12152,24835,41935,22628,379,10,38,131,169,48,5,6,10,4,28.316666666666666,8000,8200,8010,9111,9105,8017,8210,8232,5011,5008,5005,4,11,122,72,234,112,30,799,800,126,72,91,26,True,1,True,0,0,0,False,0,False,3,False,42,3,1,1,2,10,41,0,2,4,429.0497220164899,1699.510873802
EUW1_7288667126,Yike,Karmine Corp,15.2.652.1536,CLASSIC,100,NONE,JUNGLE,Qiyana,3,6,6,1.5,12,False,6698,3142,1036,1036,2422,2055,3364,7560,10545,21682,8972,526,14,28,118,146,13,2,2,3,1,19.35,8300,8100,8369,8304,8313,8347,8143,8106,5011,5008,5008,4,11,119,-1,234,-1,800,78,-1,122,72,800,16,False,0,False,0,0,0,False,0,False,0,False,31,1,1,0,0,4,8,0,1,3,390.5725194415423,1161.435789165
EUW1_7288261409,Yike,Karmine Corp,15.2.652.1536,CLASSIC,200,MIDDLE,JUNGLE,XinZhao,15,2,16,15.5,16,True,3111,6610,3211,3053,3067,3071,3364,14437,45236,58147,39551,897,57,24,173,197,30,5,6,5,4,27.133333333333333,8000,8300,8010,9111,9104,8299,8304,8347,5011,5008,5005,4,11,42,893,72,234,800,111,119,-1,234,92,40,True,3,True,1,1,1,True,1,True,7,True,14,0,0,0,0,3,49,0,0,0,531.8109198601069,1628.8953895430002
EUW1_7287890847,Yike,Karmine Corp,15.2.652.1536,CLASSIC,100,JUNGLE,JUNGLE,Nidalee,10,3,8,6.0,13,True,3157,6653,2055,3020,1058,3145,3364,11214,22349,32738,23025,669,6,15,131,146,22,4,5,6,3,23.05,8000,8200,8010,9111,9105,8017,8210,8232,5011,5008,5005,4,11,42,107,897,800,72,799,555,69,119,72,26,False,0,False,0,0,0,False,1,True,9,True,13,2,1,0,0,2,15,0,1,8,486.2954009895385,1383.638041892
EUW1_7287581022,Yike,Karmine Corp,15.2.652.1536,CLASSIC,200,BOTTOM,BOTTOM,Varus,7,9,12,2.11,18,True,3302,3172,0,3153,3124,6665,3363,16396,49812,28948,8246,396,49,265,48,313,56,7,16,17,6,41.15,8000,8300,8008,8009,9103,8017,8304,8345,5011,5008,5005,4,21,62,799,72,10,234,-1,72,-1,800,119,32,True,4,False,0,0,0,False,4,True,12,True,41,2,1,2,2,10,4,0,1,64,398.34042244244836,2469.7679246440002
EUW1_7287512128,Yike,Karmine Corp,15.2.652.1536,CLASSIC,200,JUNGLE,JUNGLE,Zyra,5,5,13,3.6,17,False,3157,6653,0,3175,4645,0,3364,13867,37439,22909,7850,586,54,54,213,267,50,6,8,12,6,33.61666666666667,8200,8000,8229,8224,8233,8232,9105,8017,5011,5010,5008,4,11,800,799,234,72,26,112,7,119,800,107,24,False,2,False,0,0,1,True,2,True,5,False,28,2,1,0,2,10,28,0,0,7,412.4707059561372,2017.229760996
EUW1_7287464068,Yike,Karmine Corp,15.2.652.1536,CLASSIC,100,BOTTOM,BOTTOM,Kalista,7,5,1,1.6,13,False,1055,2031,3051,3006,3124,3153,3363,11503,20335,20336,5121,582,12,189,2,191,31,3,11,8,3,25.616666666666667,8000,8100,8008,9111,9104,8017,8143,8135,5011,5008,5005,4,21,555,126,42,203,800,555,-1,107,72,21,16,False,1,False,0,0,0,False,0,False,3,False,24,1,1,0,1,9,16,0,1,60,448.76237373718516,1537.991366126
EUW1_7287398916,Yike,Karmine Corp,15.2.652.1536,CLASSIC,100,JUNGLE,JUNGLE,Nidalee,11,2,10,10.5,17,True,2421,3175,4628,3089,6653,0,3364,16290,26765,37918,34527,915,12,45,187,232,51,5,6,16,5,29.966666666666665,8000,8200,8010,9111,9105,8017,8210,8232,5011,5008,5005,4,11,234,800,107,112,897,800,8,67,107,72,36,True,2,False,1,1,1,True,2,True,10,True,17,2,0,0,0,3,11,0,2,1,543.513518822203,1798.398840473
EUW1_7287318759,Yike,Karmine Corp,15.2.652.1536,CLASSIC,200,NONE,BOTTOM,Ezreal,3,5,2,1.0,9,False,1055,3070,0,3078,3133,3158,3340,6706,11044,11072,1668,373,0,130,0,130,13,2,9,3,2,18.883333333333333,8000,8300,8005,8009,9105,8017,8304,8316,5011,5008,5005,4,21,72,-1,555,67,42,800,107,126,-1,555,10,True,1,True,0,0,0,False,0,False,1,False,21,0,1,0,0,3,10,0,0,53,354.86086468901414,1133.9874129510001
EUW1_7287213598,Yike,Karmine Corp,15.2.652.1536,CLASSIC,200,MIDDLE,JUNGLE,Nidalee,10,3,15,8.33,18,False,3157,3175,1058,3135,6653,4628,3364,16827,43237,51963,47123,1724,10,31,216,247,52,7,8,15,7,37.766666666666666,8000,8200,8010,9111,9105,8017,8210,8232,5011,5008,5005,4,11,799,-1,800,893,429,51,201,-1,143,166,28,False,2,False,1,1,1,True,0,False,8,True,30,3,0,1,1,7,9,0,1,0,445.39923678531153,2266.817422695
EUW1_7286739510,Yike,Karmine Corp,15.2.652.1536,CLASSIC,100,JUNGLE,JUNGLE,Lillia,11,1,7,18.0,16,True,2421,6653,0,4633,3170,1058,3364,13896,21441,38174,28393,958,33,47,186,233,34,5,6,7,4,25.166666666666668,8000,8300,8010,9111,9105,8017,8304,8347,5011,5008,5008,4,11,3,234,126,7,555,800,234,72,-1,119,24,True,2,False,1,1,0,False,1,True,9,True,16,1,0,0,0,2,41,0,0,1,551.8310671168991,1510.92870994
EUW1_7286693317,Yike,Karmine Corp,15.2.652.1536,CLASSIC,200,JUNGLE,JUNGLE,Zyra,7,3,13,6.67,17,True,3157,6653,2055,4645,3175,1052,3364,13976,30404,18785,8485,897,31,35,217,252,36,4,5,11,3,29.583333333333332,8200,8000,8229,8224,8233,8232,8017,9105,5011,5010,5008,4,11,72,800,81,234,887,126,62,119,42,800,32,True,2,True,1,1,1,True,3,True,10,True,18,1,0,0,0,2,4,0,0,8,472.1497628828819,1776.125071269
EUW1_7286497265,Yike,Karmine Corp,15.2.652.1536,CLASSIC,100,MIDDLE,BOTTOM,Kalista,13,5,16,5.8,17,True,6665,3302,3153,3172,3124,1038,3363,17584,31000,27230,12380,565,19,243,36,279,22,0,10,5,0,29.083333333333332,8000,8100,8008,9111,9104,8017,8135,8143,5011,5008,5005,4,1,62,42,7,799,497,166,42,800,134,126,40,True,4,True,0,0,1,True,1,False,8,False,26,0,1,0,1,6,33,0,0,78,604.4711858650414,1745.480610238
EUW1_7286483845,Yike,Karmine Corp,15.2.652.1536,CLASSIC,200,MIDDLE,JUNGLE,Lillia,6,4,8,3.5,14,True,2420,6653,0,3170,4633,0,3364,11033,20083,29717,18189,559,18,41,146,187,16,4,5,2,4,21.783333333333335,8000,8300,8010,9111,9105,8017,8304,8347,5011,5008,5008,4,11,40,800,43,62,897,234,555,42,800,24,28,False,2,True,1,1,0,False,1,True,9,True,16,0,0,0,0,1,10,0,1,4,506.2698487739865,1307.6056765540002
EUW1_7286451257,Yike,Karmine Corp,15.2.652.1536,CLASSIC,100,JUNGLE,JUNGLE,Qiyana,5,10,9,1.4,15,False,6698,3142,2055,3009,6694,0,3364,11549,22153,36721,12302,249,21,32,158,190,32,6,7,4,5,29.65,8300,8100,8369,8304,8313,8347,8143,8106,5011,5008,5008,4,11,799,234,72,800,40,-1,-1,-1,39,234,29,True,2,False,0,0,0,False,0,False,5,True,32,2,1,1,1,8,55,0,3,4,389.4140863121885,1779.467239969
EUW1_7286209611,Yike,Karmine Corp,15.2.652.1536,CLASSIC,200,JUNGLE,JUNGLE,Zac,1,8,5,0.75,12,False,2502,3158,1028,2055,6653,0,3364,7777,8827,32127,28676,386,26,23,104,127,23,6,6,4,4,21.85,8400,8300,8439,8463,8429,8453,8304,8347,5011,5001,5007,4,11,800,555,96,107,-1,799,117,30,72,134,13,False,0,False,0,0,0,False,0,False,5,True,34,2,1,0,1,7,27,0,0,2,355.669556945078,1312.079153854
EUW1_7286151125,Yike,Karmine Corp,15.2.652.1536,CLASSIC,100,NONE,JUNGLE,Qiyana,8,1,4,12.0,11,True,2422,3142,0,1036,0,2020,3364,8127,10248,16413,8942,696,13,4,110,114,14,4,6,1,4,15.783333333333333,8300,8100,8369,8304,8313,8347,8143,8106,5011,5008,5008,4,11,24,154,30,112,234,72,107,81,800,555,15,True,0,False,0,0,0,False,0,False,0,False,4,0,0,0,0,0,1,0,2,2,514.6598553004953,947.55169144
EUW1_7286073424,Yike,Karmine Corp,15.2.652.1536,CLASSIC,200,NONE,JUNGLE,Lillia,2,2,4,3.0,11,True,0,6653,0,1058,2422,0,3364,6552,5431,19842,14336,238,16,7,127,134,19,4,4,3,3,15.183333333333334,8000,8300,8010,9111,9105,8017,8304,8347,5011,5008,5008,4,11,777,234,555,526,897,42,800,40,72,897,15,False,0,False,0,0,0,False,0,False,4,True,6,1,0,0,0,0,2,0,0,3,431.39296071312594,911.370771783
EUW1_7285996764,Yike,Karmine Corp,15.2.652.1536,CLASSIC,200,JUNGLE,JUNGLE,Vi,10,13,15,1.92,17,False,3143,6610,0,3111,8020,3071,3364,14657,26551,58785,17466,349,54,37,176,213,34,6,7,2,6,37.95,8000,8300,8010,9111,9104,8017,8304,8347,5011,5008,5005,4,11,119,114,223,800,72,119,799,40,42,7,37,True,3,True,0,0,0,False,0,False,4,False,38,3,1,2,3,10,132,0,0,4,386.077338733321,2277.896449722
EUW1_7285927046,Yike,Karmine Corp,15.2.652.1536,CLASSIC,100,JUNGLE,JUNGLE,Pantheon,11,6,5,2.67,16,False,3173,6610,1038,3071,2019,3053,3364,14678,32796,49790,21039,503,31,48,187,235,32,5,6,6,4,31.95,8000,8300,8010,9111,9105,8017,8304,8347,5011,5008,5005,4,11,72,126,119,26,62,266,429,60,-1,555,20,False,3,True,1,1,0,False,0,False,4,False,29,2,0,1,1,10,59,0,0,3,459.1643714325401,1918.050493489
EUW1_7285875906,Yike,Karmine Corp,15.2.652.1536,CLASSIC,200,JUNGLE,JUNGLE,Viego,5,6,6,1.83,14,False,6610,3078,1037,3174,2055,0,3364,10547,11428,31638,14488,423,14,39,144,183,34,10,7,6,5,25.566666666666666,8000,8300,8010,9111,9104,8014,8304,8347,5011,5008,5005,4,11,555,800,-1,246,72,429,86,40,30,55,15,False,1,False,0,0,0,False,0,False,3,True,31,3,1,0,1,8,6,0,0,8,411.0976211750909,1539.3804583990002
EUW1_7284491149,Yike,Karmine Corp,15.2.652.1536,CLASSIC,200,MIDDLE,JUNGLE,Brand,9,8,21,3.75,18,True,3157,6653,1058,3135,3020,3116,3364,15588,42186,42928,13618,556,75,38,177,215,52,8,9,9,7,34.93333333333333,8000,8300,8010,9111,9105,8017,8304,8347,5011,5008,5007,4,11,30,112,516,555,-1,-1,69,114,799,-1,42,False,1,True,1,1,1,True,1,True,9,False,40,3,0,0,0,3,16,0,1,6,446.12662525029384,2096.516073436
EUW1_7284436474,Yike,Karmine Corp,15.2.652.1536,CLASSIC,200,JUNGLE,JUNGLE,Ivern,2,4,17,4.75,15,True,3107,6617,2055,1026,3158,3504,3364,10882,8639,13333,9453,732,41,13,139,152,33,4,5,9,3,25.65,8300,8400,8351,8321,8313,8347,8463,8453,5001,5010,5007,4,11,800,234,119,897,517,84,143,62,126,72,32,True,2,True,1,1,1,True,0,False,4,False,23,1,0,0,0,3,12,0,0,2,424.1539122794412,1539.4481350170001
EUW1_7284368188,Yike,Karmine Corp,15.2.652.1536,CLASSIC,200,MIDDLE,JUNGLE,RekSai,8,4,7,3.75,14,False,3748,3111,2021,3071,1028,1037,3364,11252,18093,40160,24189,626,30,48,138,186,31,5,7,7,5,27.066666666666666,8000,8300,8010,9111,9104,8014,8304,8347,5011,5008,5008,4,11,42,39,555,234,7,112,86,107,72,30,26,False,0,False,0,0,0,False,0,False,2,False,31,4,1,0,0,7,31,0,0,3,415.6832126297431,1624.1677720700002
EUW1_7284316409,Yike,Karmine Corp,15.2.652.1536,CLASSIC,200,NONE,JUNGLE,Zyra,5,1,6,11.0,11,True,0,6653,0,1026,3020,0,3364,7204,7983,7126,3579,391,16,7,129,136,18,2,4,2,2,15.5,8200,8000,8229,8224,8233,8232,9105,8017,5011,5010,5008,4,11,69,42,799,76,72,30,117,72,134,107,14,True,2,True,0,0,0,False,0,False,1,False,4,0,0,0,0,1,1,0,0,1,464.43471077158085,930.7520824630001
EUW1_7283187451,Yike,Karmine Corp,15.2.652.1536,CLASSIC,200,NONE,JUNGLE,Zac,2,3,10,4.0,10,True,1103,6653,0,3158,1011,0,3364,6099,8263,20131,22861,381,24,6,101,107,17,3,5,1,3,15.316666666666666,8400,8300,8439,8463,8429,8453,8304,8347,5011,5001,5007,4,11,119,72,517,7,42,800,427,24,26,42,17,True,1,True,0,0,0,False,0,False,3,True,6,0,0,0,0,0,27,0,1,3,398.12678213469064,919.2352396050001
EUW1_7283091779,Yike,Karmine Corp,15.2.652.1536,CLASSIC,100,JUNGLE,JUNGLE,Lillia,12,6,14,4.33,18,True,3157,6653,3089,3158,4633,3916,3364,17910,50445,58938,34139,521,38,79,204,283,40,4,6,7,4,33.45,8000,8300,8010,9111,9105,8017,8304,8347,5011,5008,5008,4,11,429,555,234,69,126,234,134,107,555,54,36,True,2,False,1,1,1,True,1,False,8,False,32,3,0,0,1,7,8,0,1,11,535.2918504590737,2007.610280174
EUW1_7282906040,Yike,Karmine Corp,15.2.652.1536,CLASSIC,200,NONE,JUNGLE,Zyra,11,0,17,28,13,True,2421,6653,2055,3116,3175,0,3364,11177,22886,14232,5339,0,41,22,120,142,20,4,4,3,3,19.083333333333332,8200,8000,8229,8224,8233,8232,9105,8017,5011,5010,5008,4,11,234,42,117,800,420,800,72,234,78,58,36,True,0,False,0,0,0,False,1,True,8,True,19,1,0,0,0,1,1,0,0,6,585.287759516377,1145.8050722740002
EUW1_7282271848,Yike,Karmine Corp,15.2.652.1536,CLASSIC,200,MIDDLE,JUNGLE,Gwen,9,8,9,2.25,17,False,3157,3115,2055,3158,3089,3102,3364,15338,39041,47800,21789,297,14,66,174,240,36,6,7,11,5,31.283333333333335,8000,8300,8010,9111,9104,8017,8304,8347,5011,5008,5005,6,11,555,897,72,234,800,112,432,60,62,72,36,False,0,False,0,0,0,False,0,False,5,False,39,4,1,1,3,11,113,0,2,2,490.0499045025732,1877.9475700090002
EUW1_7282212287,Yike,Karmine Corp,15.2.652.1536,CLASSIC,100,JUNGLE,JUNGLE,Amumu,6,12,9,1.25,13,False,2502,3047,2055,6653,3110,0,3364,10366,19267,41101,12024,314,44,5,142,147,16,4,5,1,3,27.466666666666665,8000,8100,8010,9111,9105,8017,8106,8126,5011,5008,5005,4,11,234,799,54,800,-1,112,234,893,201,72,28,True,0,False,1,1,0,False,0,False,5,True,32,4,0,1,1,9,27,0,2,0,377.3265972927082,1648.389992069
EUW1_7281569354,Yike,Karmine Corp,15.2.652.1536,CLASSIC,100,JUNGLE,JUNGLE,Zyra,9,5,9,3.6,16,False,3157,6653,3916,3116,1026,3020,3364,13541,36067,23848,7399,640,64,40,191,231,28,5,6,5,4,28.583333333333332,8200,8000,8229,8224,8210,8232,9105,8017,5011,5010,5008,4,11,119,58,234,54,112,234,81,72,26,-1,21,False,1,False,0,0,0,False,0,False,3,False,39,2,1,1,2,11,8,0,2,10,473.6283499912672,1715.5093179520002
EUW1_7281514454,Yike,Karmine Corp,15.2.652.1536,CLASSIC,100,JUNGLE,JUNGLE,XinZhao,4,11,5,0.82,11,False,1102,6610,2055,2422,3071,0,3364,7504,13183,34069,13076,237,27,27,81,108,13,4,5,2,3,20.8,8000,8300,8010,9111,9104,8299,8304,8347,5011,5008,5005,4,11,30,72,555,234,126,72,429,143,800,85,17,True,0,False,0,0,0,False,0,False,0,False,36,2,1,0,2,7,7,0,0,3,360.53501341045194,1248.9220740570001
EUW1_7281416680,Yike,Karmine Corp,15.2.652.1536,CLASSIC,100,JUNGLE,JUNGLE,Vi,7,5,13,4.0,16,True,3071,6610,0,3053,1033,3047,3364,12219,21930,34331,16498,840,38,25,169,194,36,6,7,4,6,28.2,8000,8300,8008,9111,9104,8017,8304,8347,5011,5008,5005,4,11,69,112,81,234,42,72,84,800,799,62,38,True,3,False,1,1,0,False,1,True,9,False,19,1,0,0,0,5,56,0,1,0,431.74815207188834,1698.0754497310002
EUW1_7280577795,Yike,Karmine Corp,15.2.652.1536,CLASSIC,200,JUNGLE,JUNGLE,Zyra,8,5,21,5.8,17,True,3157,6653,0,3175,1052,3116,3364,13776,31783,26272,8903,522,57,52,177,229,38,3,6,13,3,28.016666666666666,8200,8000,8229,8224,8210,8232,9105,8017,5011,5010,5008,4,11,800,72,893,111,799,21,42,35,7,555,40,True,2,False,1,1,1,True,2,True,10,True,18,1,0,0,0,1,21,0,0,7,491.61952723559915,1681.3987468710002
EUW1_7280471792,Yike,Karmine Corp,15.2.652.1536,CLASSIC,100,JUNGLE,JUNGLE,Brand,3,4,16,4.75,17,True,3157,6653,2055,3116,3175,0,3364,11906,24485,32811,17106,742,28,34,188,222,34,5,7,6,4,27.616666666666667,8100,8000,8112,8126,8137,8105,9105,8017,5011,5008,5008,4,11,114,30,107,799,234,107,78,201,-1,516,39,False,2,False,1,1,1,True,2,True,10,True,24,2,0,0,0,5,3,0,0,5,430.9643801213032,1657.6398501140002
EUW1_7280396342,Yike,Karmine Corp,15.2.652.1536,CLASSIC,100,JUNGLE,JUNGLE,Pantheon,11,3,9,6.67,16,True,3111,6610,0,3071,1038,3053,3364,13814,19644,35660,20623,719,21,13,164,177,38,3,5,8,3,26.333333333333332,8000,8300,8010,9111,9105,8017,8304,8347,5011,5008,5008,4,11,-1,800,555,119,420,72,42,30,126,114,32,False,3,True,1,1,0,False,0,False,6,True,22,1,0,0,0,2,31,0,1,2,524.2251982018104,1581.127533309
EUW1_7280327260,Yike,Karmine Corp,15.2.652.1536,CLASSIC,100,JUNGLE,JUNGLE,Zyra,2,8,12,1.75,15,False,3157,6653,3175,3145,2055,0,3364,10621,25273,23390,6766,401,39,19,178,197,34,3,5,4,2,27.933333333333334,8200,8000,8229,8224,8210,8232,9105,8017,5011,5010,5008,4,11,800,420,40,12,-1,72,800,42,897,77,24,True,1,False,1,1,0,False,0,False,4,False,34,3,0,1,1,9,79,0,0,2,380.1775617082523,1676.3052241930002
